Id,Title,Description,Url,Category,LastModified
"8B1899A0BC5F4151A11DDC6456014FD2","Building the Right Way from Day One","Welcome to Developer 101 at TechWayFit! We help you think like a dev—not just code like one. Learn real-world tips, best practices, and coding truths. Your journey starts with doing it right.","https://www.techwayfit.com/blogs/developer-101/welcome-to-twf","blog",2025-05-31T10:00:00.0000000Z
"FBBCC5B6F2FE4F519372FF27F643B6D1","Naming Conventions for Variables and Methods","Discover the importance of clean, consistent naming conventions in your code. Learn the best practices for naming variables and methods in different programming languages. From camelCase to PascalCase, make your code more readable and maintainable. Join us at TechWayFit to level up your developer hygiene.","https://www.techwayfit.com/blogs/developer-101/naming-conventions","blog",2025-06-01T10:00:00.0000000Z
"4B1240BC0E6248DDBDBC0F06303D5EAF","TechWayFit Isn’t Just About Code. It’s About Writing It Right.","TechWayFit isn’t about teaching you syntax — it’s about teaching you how to write code the right way. From naming conventions to structure, this post explains why best practices matter regardless of the language you use. Plus, find handpicked links to trusted programming tutorials across Python, JavaScript, C#, and more. Learn the how elsewhere — master the why here.","https://www.techwayfit.com/blogs/developer-101/not-just-code","blog",2025-06-02T10:00:00.0000000Z
"6654A62B3BEF48BF99325BD0CA2F8710","Mastering OOP Concepts","Object-Oriented Programming (OOP) is the foundation of modern software design. This post breaks down the four core pillars—encapsulation, abstraction, inheritance, and polymorphism—with simple C# examples. It also compares OOP with functional programming to help you choose the right approach. A must-read for developers aiming to write clean, reusable code.","https://www.techwayfit.com/blogs/developer-101/oops-concepts","blog",2025-06-02T10:00:00.0000000Z
"E596CFFE1ACC4922A529BD49BF48E87F","Encapsulation vs Abstraction","Explore the key differences between encapsulation and abstraction in object-oriented programming. Learn through real-world analogies, examples, and code how these principles promote clean, secure, and scalable software design.","https://www.techwayfit.com/blogs/developer-101/encapsulation-vs-abstraction","blog",2025-06-02T10:00:00.0000000Z
"4C58B175DB024D459A5BE496CBD819E0","Comments and Documentation","Learn how to write meaningful comments and documentation in your code. Explore best practices, real-world scenarios, and examples from Python and C# to improve your code clarity and maintainability.","https://www.techwayfit.com/blogs/developer-101/comments-and-documentation","blog",2025-06-04T12:48:08.1665060Z
"9C3A8DB05D234AC6842E6BF703D27245","Version Control Like a Pro","Learn the power of Git for professional software development. Master version control essentials, collaboration workflows, and real-world practices that every developer should know.","https://www.techwayfit.com/blogs/developer-101/version-control","blog",2025-06-08T15:00:00.0000000Z
"F5D7A2C59A2E4BB7BEEA567E9848E1DC","Logging Like a Pro","Master the art of logging with this Developer 101 guide. Learn log levels, structured logging, real-world examples, and tools like Serilog and Python logging module.","https://www.techwayfit.com/blogs/developer-101/logging-best-practices","blog",2025-06-09T08:00:00.0000000Z
"A1B2C3D4E5F6G7H8I9J0K1L2M3N4O5P6","Unit Testing Fundamentals","Learn what makes code testable, how to write effective unit tests using xUnit, unittest, or pytest, and avoid common pitfalls like hidden dependencies or flaky tests.","https://www.techwayfit.com/blogs/developer-101/unit-testing-fundamentals","blog",2025-06-09T07:00:00.0000000Z
"F23961A46EE94FF2B1E7754EA93D0EF5","What’s Next in Your Coding Journey?","Wrap up the Developer 101 series with a reflection on what you've learned and discover what to explore next—from design patterns to cloud computing.","https://www.techwayfit.com/blogs/developer-101/conclusion","blog",2025-06-09T09:30:00.0000000Z
"B68EF457C2C84264A5337C07B5021E41","Why Security Matters","Security is no longer optional—it's foundational. This post explores why security is critical by examining real-world breaches like Equifax, Target, and SolarWinds. Learn how these incidents happened, what went wrong, and how developers can adopt a security-first mindset from the start.","https://www.techwayfit.com/blogs/secure-by-design/why-security-matters","blog",2025-06-10T10:00:00.0000000Z
"E0C29798F2B946EDB3F3D22996EFA6D3","The OWASP Top 10 Explained with Real Code Examples","Explore the OWASP Top 10 security risks with hands-on code examples in C# and Python. Learn how to secure your applications by design, and avoid the most common vulnerabilities.","https://www.techwayfit.com/blogs/secure-by-design/owasp-top10-code-examples","blog",2025-06-11T07:00:00.0000000Z
"A1B2C3D4E5F6G7H8I9J0K1L2M3N4O5P7","Secure Authentication: OAuth2, OpenID, JWTs","Master secure authentication with OAuth2, OpenID Connect, and JWTs. Learn the correct patterns and ASP.NET Core examples to prevent auth-related vulnerabilities.","https://www.techwayfit.com/blogs/secure-by-design/secure-authentication","blog",2025-06-11T18:00:00.0000000+08:00
"B2C3D4E5F6G7H8I9J0K1L2M3N4O5P6A1","Building Secure APIs from Day One","Learn how to design, build, and secure your APIs with best practices in authentication, rate limiting, validation, and more. Part of TechWayFit's Secure By Design series.","https://www.techwayfit.com/blogs/secure-by-design/secure-api-design","blog",2025-06-12T10:00:00.0000000Z
"S1E2C3U4R5E6S7S8I9O0N1M2A3N4A5G6","Secure Session Management for Web and Mobile Apps","Learn how to manage sessions securely across web and mobile apps. Discover best practices, real-world breach examples, and secure code in ASP.NET Core.","https://www.techwayfit.com/blogs/secure-by-design/secure-session-management","blog",2025-06-13T09:00:00.0000000Z
"1845362C0DE14AB196A19AD266B5BA8D","Threat Modeling – Design with Risk in Mind","Discover how threat modeling helps you identify risks early and design secure software from the ground up using frameworks like STRIDE.","https://www.techwayfit.com/blogs/secure-by-design/threat-modeling","blog",2025-06-16T09:00:00.0000000Z
"C54661A46EF94GF2C1E7754EA93D0EF6","Security Headers - The Silent Defenders","Learn how HTTP response headers like CSP, HSTS, and X-Frame-Options act as silent defenders against XSS, clickjacking, and data leaks. Includes real-world examples and ASP.NET Core middleware setup.","https://www.techwayfit.com/blogs/secure-by-design/security-headers","blog",2025-06-16T09:00:00.0000000Z
"D1E2F3G4H5I6J7K8L9M0N1O2P3Q4R5S6","Wrapping Up + Your Roadmap Forward","The final post in the Secure By Design series summarizes 7 key security layers and provides a roadmap for DevSecOps, threat modeling, and secure development maturity.","https://www.techwayfit.com/blogs/secure-by-design/secure-by-design-roadmap","blog",2025-06-16T12:30:00.0000000Z
"6C2D97A844D24FA39E9202D13B71D35B","Introduction to Design Patterns","Kickstart your journey into reusable software architecture with this introduction to design patterns, types, principles, and real-world analogies.","https://www.techwayfit.com/blogs/design-patterns/introduction-to-design-patterns","blog",2025-06-18T15:00:00.0000000Z
"D1E2S3I4G5N6F7A8C9T0O1R2Y34P5A6T","Factory Pattern","Learn how the Factory Pattern enables flexible object creation without binding your code to specific classes. Includes C# and Python examples, UML, and real-world use cases.","https://www.techwayfit.com/blogs/design-patterns/factory-pattern","blog",2025-06-20T10:00:00.0000000Z
"S1I2N3G4L5E6T7O8N9P0A1T2T3E4R5N","Singleton Pattern","Master the Singleton Pattern with step-by-step explanations, C# and Python code, real-world use cases, and common pitfalls. Learn how to manage shared instances the right way.","https://www.techwayfit.com/blogs/design-patterns/singleton-pattern","blog",2025-06-20T15:00:00.0000000Z
"B1U2I3L4D5E6R7P8A9T0T1E2R3N4SI6T","Builder Pattern","Understand the Builder Pattern with detailed examples, C# and Python source code, and real-world use cases. Learn to construct complex objects step by step with ease.","https://www.techwayfit.com/blogs/design-patterns/builder-pattern","blog",2025-06-22T15:00:00.0000000Z
"D1P2R0T0O1T2Y3P4E5P6A7T8T9E0R","Prototype Pattern","Master object cloning with the Prototype Pattern. Understand shallow vs. deep copy, and implement it in real-world scenarios using C# and Python.","https://www.techwayfit.com/blogs/design-patterns-in-practice/prototype-pattern","blog",2025-06-24T20:00:00.0000000Z
"A1B2C3D4E5F6G7H8I9J0K1L2M3N4O5P8","Adapter Pattern: Making Incompatible Interfaces Work Together","Learn how the Adapter Pattern bridges mismatched interfaces to enable seamless integration. Includes C#, Python examples, UML, and real-world use cases.","https://www.techwayfit.com/blogs/design-patterns/adapter-pattern","blog",2025-06-26T09:00:00.0000000Z
"D1E2C3O4R5A6T7O8R9P0A1T2T3E4R5N6","Decorator Pattern: Enhancing Behavior Dynamically","Learn how the Decorator Pattern allows behavior extension without modifying code. Includes C# and Python examples, UML, real-world use cases, and pros & cons.","https://www.techwayfit.com/blogs/design-patterns/decorator-pattern","blog",2025-06-28T09:00:00.0000000Z
"P1R2O3X4Y5P6A7T8T9E0R1N2D3E4S5I6","Proxy Pattern: Control Access and Enhance Behavior","Understand how the Proxy Pattern provides a surrogate to control access to real objects, allowing for behavior like access control, lazy loading, and logging. Includes C#/Python examples, UML, and real-world use cases.","https://www.techwayfit.com/blogs/design-patterns/proxy-pattern","blog",2025-06-29T10:00:00.0000000Z
"C0M1P2R3O4X5D6E7C8A9P0T1E2R3N4S","Proxy vs Decorator vs Adapter: Choose the Right Pattern","Confused between Proxy, Decorator, and Adapter? This blog compares their intent, use cases, and differences with real-world examples and guidance on when to use each.","https://www.techwayfit.com/blogs/design-patterns/proxy-decorator-adapter-comparison","blog",2025-07-01T13:00:00.0000000Z
"code-with-confidence","Code with Confidence","Learn to write clean, efficient, and scalable code.Discover proven design patterns and architecture tips.Build software that lasts and performs under pressure.","https://www.techwayfit.com/pages/code-with-confidence","page",2025-06-01T12:00:00.0000000Z
"buy-or-build","Buy or Build Smarter","Access plug-and-play digital solutions crafted by experts. Cut dev time with pre-built templates and utilities. Focus on innovation while we handle the groundwork.","https://www.techwayfit.com/pages/buy-or-build","page",2025-06-05T12:00:00.0000000Z
"tech-that-talks","Tech That Talks to You","Dive into in-depth blogs on modern tools and techniques. Stay sharp with real-world insights and industry trends. Written for developers who think beyond the code.","https://www.techwayfit.com/pages/tech-that-talks","page",2025-06-09T12:00:00.0000000Z
"F23961A46EE94FF2B1E7754EA93D0EF5","Developer 101: Mastering the Fundamentals","Test your knowledge of fundamental programming concepts, clean code practices, and object-oriented programming principles with this quiz. Ideal for beginners and professionals looking to reinforce their coding skills.","https://www.techwayfit.com/quizs/developer-101/set-1","quiz",2025-07-01T16:20:13.7758570Z
"A12461A46EE94FF2B1E7754EA93D0EF5","Developer 101: Mastering the Fundamentals","Sharpen your understanding of development best practices.Challenge yourself with questions from real-world coding scenarios.Perfect for beginners and seasoned developers looking to validate their fundamentals.","https://www.techwayfit.com/quizs/developer-101/set-2","quiz",2025-07-01T16:20:13.7758570Z
"C54661A46EF94GF2C1E7754EA93D0EF6","OWASP Top 10 Quiz","Test your knowledge of the OWASP Top 10 security risks with this comprehensive quiz. Ideal for developers, security professionals, and anyone interested in web application security.","https://www.techwayfit.com/quizs/security/owasp-top-10","quiz",2025-07-01T16:20:13.7758570Z
"D12361A46EF94GF2C1E7754EA93D0EF7","Secure Authentication API Session Quiz","Test your knowledge on secure authentication practices, session management, and API security with this quiz. Ideal for developers and security professionals.","https://www.techwayfit.com/quizs/security/secure-authentication-api-session","quiz",2025-07-01T16:20:13.7758570Z
